DEP;sexe;categorie;pop_plus_de_15_ans
1;h;CS1;3030
1;h;CS2;13213
1;h;CS3;25802
1;h;CS4;37795
1;h;CS5;15745
1;h;CS6;61444
1;h;CS7;54838
1;h;CS8;23536
1;f;CS1;888
1;f;CS2;4882
1;f;CS3;13810
1;f;CS4;38554
1;f;CS5;63467
1;f;CS6;17242
1;f;CS7;63960
1;f;CS8;41625
2;h;CS1;3672
2;h;CS2;8359
2;h;CS3;11852
2;h;CS4;24612
2;h;CS5;16431
2;h;CS6;63623
2;h;CS7;54015
2;h;CS8;25795
2;f;CS1;1155
2;f;CS2;3562
2;f;CS3;7572
2;f;CS4;25770
2;f;CS5;57027
2;f;CS6;15005
2;f;CS7;66356
2;f;CS8;49833
3;h;CS1;4058
3;h;CS2;6846
3;h;CS3;7598
3;h;CS4;15066
3;h;CS5;9182
3;h;CS6;33827
3;h;CS7;45170
3;h;CS8;14828
3;f;CS1;1440
3;f;CS2;2914
3;f;CS3;4677
3;f;CS4;16419
3;f;CS5;37196
3;f;CS6;7382
3;f;CS7;56341
3;f;CS8;25813
4;h;CS1;1500
4;h;CS2;4747
4;h;CS3;4476
4;h;CS4;7970
4;h;CS5;4879
4;h;CS6;12950
4;h;CS7;20604
4;h;CS8;6919
4;f;CS1;601
4;f;CS2;2208
4;f;CS3;2933
4;f;CS4;9022
4;f;CS5;16543
4;f;CS6;2732
4;f;CS7;23041
4;f;CS8;12996
5;h;CS1;1481
5;h;CS2;4256
5;h;CS3;3377
5;h;CS4;8029
5;h;CS5;5291
5;h;CS6;10809
5;h;CS7;16346
5;h;CS8;5812
5;f;CS1;632
5;f;CS2;1744
5;f;CS3;2633
5;f;CS4;8442
5;f;CS5;15509
5;f;CS6;2015
5;f;CS7;18619
5;f;CS8;9316
6;h;CS1;1128
6;h;CS2;31200
6;h;CS3;48166
6;h;CS4;54533
6;h;CS5;44754
6;h;CS6;73287
6;h;CS7;117613
6;h;CS8;53089
6;f;CS1;649
6;f;CS2;12767
6;f;CS3;30645
6;f;CS4;64881
6;f;CS5;116491
6;f;CS6;13747
6;f;CS7;151492
6;f;CS8;95060
7;h;CS1;3005
7;h;CS2;8178
7;h;CS3;8452
7;h;CS4;16110
7;h;CS5;7725
7;h;CS6;29488
7;h;CS7;39828
7;h;CS8;13032
7;f;CS1;1068
7;f;CS2;3385
7;f;CS3;5207
7;f;CS4;17366
7;f;CS5;32317
7;f;CS6;7169
7;f;CS7;46688
7;f;CS8;22296
8;h;CS1;2401
8;h;CS2;4841
8;h;CS3;6037
8;h;CS4;12935
8;h;CS5;7385
8;h;CS6;34656
8;h;CS7;28953
8;h;CS8;13634
8;f;CS1;812
8;f;CS2;2164
8;f;CS3;3696
8;f;CS4;12955
8;f;CS5;29625
8;f;CS6;6796
8;f;CS7;34133
8;f;CS8;28138
9;h;CS1;1610
9;h;CS2;3756
9;h;CS3;3531
9;h;CS4;7153
9;h;CS5;5048
9;h;CS6;13278
9;h;CS7;20756
9;h;CS8;6623
9;f;CS1;710
9;f;CS2;1713
9;f;CS3;2169
9;f;CS4;8245
9;f;CS5;16032
9;f;CS6;2317
9;f;CS7;23101
9;f;CS8;11339
10;h;CS1;3284
10;h;CS2;5147
10;h;CS3;7873
10;h;CS4;14595
10;h;CS5;8701
10;h;CS6;31683
10;h;CS7;32934
10;h;CS8;15598
10;f;CS1;1224
10;f;CS2;2199
10;f;CS3;4913
10;f;CS4;15416
10;f;CS5;31325
10;f;CS6;9625
10;f;CS7;41102
10;f;CS8;23036
11;h;CS1;3879
11;h;CS2;9160
11;h;CS3;8693
11;h;CS4;15651
11;h;CS5;12200
11;h;CS6;29464
11;h;CS7;46337
11;h;CS8;16617
11;f;CS1;1463
11;f;CS2;4055
11;f;CS3;5604
11;f;CS4;18432
11;f;CS5;37057
11;f;CS6;5584
11;f;CS7;52384
11;f;CS8;31644
12;h;CS1;7194
12;h;CS2;7284
12;h;CS3;6183
12;h;CS4;12431
12;h;CS5;6503
12;h;CS6;24061
12;h;CS7;38287
12;h;CS8;10222
12;f;CS1;3128
12;f;CS2;3025
12;f;CS3;4038
12;f;CS4;14343
12;f;CS5;28283
12;f;CS6;5004
12;f;CS7;45119
12;f;CS8;16750
13;h;CS1;3214
13;h;CS2;39931
13;h;CS3;87179
13;h;CS4;108596
13;h;CS5;70108
13;h;CS6;141802
13;h;CS7;189901
13;h;CS8;122654
13;f;CS1;1330
13;f;CS2;15880
13;f;CS3;57807
13;f;CS4;122044
13;f;CS5;198343
13;f;CS6;27008
13;f;CS7;223654
13;f;CS8;213700
14;h;CS1;3756
14;h;CS2;13810
14;h;CS3;23192
14;h;CS4;35900
14;h;CS5;20506
14;h;CS6;64790
14;h;CS7;68736
14;h;CS8;34538
14;f;CS1;1687
14;f;CS2;5955
14;f;CS3;15104
14;f;CS4;39848
14;f;CS5;74625
14;f;CS6;15315
14;f;CS7;89617
14;f;CS8;52271
15;h;CS1;4996
15;h;CS2;3491
15;h;CS3;2818
15;h;CS4;5787
15;h;CS5;3876
15;h;CS6;13551
15;h;CS7;20707
15;h;CS8;5529
15;f;CS1;2052
15;f;CS2;1665
15;f;CS3;2051
15;f;CS4;6927
15;f;CS5;15653
15;f;CS6;2842
15;f;CS7;25190
15;f;CS8;8813
16;h;CS1;3989
16;h;CS2;7401
16;h;CS3;9212
16;h;CS4;15849
16;h;CS5;9794
16;h;CS6;36470
16;h;CS7;44635
16;h;CS8;13969
16;f;CS1;1478
16;f;CS2;3374
16;f;CS3;5788
16;f;CS4;17934
16;f;CS5;37082
16;f;CS6;9894
16;f;CS7;53359
16;f;CS8;24620
17;h;CS1;5986
17;h;CS2;15442
17;h;CS3;16132
17;h;CS4;28836
17;h;CS5;18558
17;h;CS6;53971
17;h;CS7;83773
17;h;CS8;26676
17;f;CS1;2104
17;f;CS2;7041
17;f;CS3;10980
17;f;CS4;32180
17;f;CS5;67974
17;f;CS6;12254
17;f;CS7;97638
17;f;CS8;45381
18;h;CS1;3055
18;h;CS2;5937
18;h;CS3;8555
18;h;CS4;15127
18;h;CS5;9289
18;h;CS6;30726
18;h;CS7;39403
18;h;CS8;13215
18;f;CS1;1031
18;f;CS2;2554
18;f;CS3;5026
18;f;CS4;15707
18;f;CS5;33722
18;f;CS6;7797
18;f;CS7;46896
18;f;CS8;22795
19;h;CS1;3104
19;h;CS2;5571
19;h;CS3;5957
19;h;CS4;11845
19;h;CS5;7166
19;h;CS6;22095
19;h;CS7;32762
19;h;CS8;10284
19;f;CS1;1371
19;f;CS2;2383
19;f;CS3;3895
19;f;CS4;12628
19;f;CS5;25610
19;f;CS6;5460
19;f;CS7;40932
19;f;CS8;15024
21;h;CS1;4084
21;h;CS2;10272
21;h;CS3;20698
21;h;CS4;30617
21;h;CS5;15156
21;h;CS6;49189
21;h;CS7;53006
21;h;CS8;25440
21;f;CS1;1264
21;f;CS2;4112
21;f;CS3;13897
21;f;CS4;33951
21;f;CS5;55652
21;f;CS6;12042
21;f;CS7;65401
21;f;CS8;41555
22;h;CS1;7779
22;h;CS2;12776
22;h;CS3;16020
22;h;CS4;27877
22;h;CS5;13624
22;h;CS6;55473
22;h;CS7;75401
22;h;CS8;24894
22;f;CS1;3507
22;f;CS2;5631
22;f;CS3;9588
22;f;CS4;29849
22;f;CS5;58336
22;f;CS6;15352
22;f;CS7;96090
22;f;CS8;37704
23;h;CS1;3581
23;h;CS2;2586
23;h;CS3;2337
23;h;CS4;4575
23;h;CS5;3324
23;h;CS6;10745
23;h;CS7;18642
23;h;CS8;5015
23;f;CS1;1349
23;f;CS2;1100
23;f;CS3;1812
23;f;CS4;5348
23;f;CS5;12821
23;f;CS6;1991
23;f;CS7;22799
23;f;CS8;7291
24;h;CS1;4985
24;h;CS2;11800
24;h;CS3;8522
24;h;CS4;17119
24;h;CS5;11677
24;h;CS6;38067
24;h;CS7;58966
24;h;CS8;16811
24;f;CS1;2177
24;f;CS2;4884
24;f;CS3;5886
24;f;CS4;19365
24;f;CS5;44359
24;f;CS6;9806
24;f;CS7;70817
24;f;CS8;27245
25;h;CS1;3029
25;h;CS2;9315
25;h;CS3;18971
25;h;CS4;29492
25;h;CS5;13961
25;h;CS6;58049
25;h;CS7;50807
25;h;CS8;25315
25;f;CS1;788
25;f;CS2;3660
25;f;CS3;11448
25;f;CS4;30369
25;f;CS5;52162
25;f;CS6;19226
25;f;CS7;60593
25;f;CS8;42780
26;h;CS1;4076
26;h;CS2;11924
26;h;CS3;16108
26;h;CS4;26804
26;h;CS5;11992
26;h;CS6;44462
26;h;CS7;52728
26;h;CS8;20889
26;f;CS1;1540
26;f;CS2;4737
26;f;CS3;9622
26;f;CS4;28720
26;f;CS5;48793
26;f;CS6;12892
26;f;CS7;62631
26;f;CS8;38075
27;h;CS1;2933
27;h;CS2;11370
27;h;CS3;19205
27;h;CS4;32143
27;h;CS5;14927
27;h;CS6;65150
27;h;CS7;55913
27;h;CS8;24891
27;f;CS1;962
27;f;CS2;4930
27;f;CS3;11449
27;f;CS4;33185
27;f;CS5;63119
27;f;CS6;19128
27;f;CS7;67831
27;f;CS8;41167
28;h;CS1;3017
28;h;CS2;7885
28;h;CS3;15067
28;h;CS4;24250
28;h;CS5;13189
28;h;CS6;43020
28;h;CS7;43576
28;h;CS8;17085
28;f;CS1;744
28;f;CS2;3042
28;f;CS3;8774
28;f;CS4;25612
28;f;CS5;46862
28;f;CS6;12178
28;f;CS7;51659
28;f;CS8;28241
29;h;CS1;7403
29;h;CS2;17090
29;h;CS3;30714
29;h;CS4;48731
29;h;CS5;27665
29;h;CS6;80168
29;h;CS7;101143
29;h;CS8;42752
29;f;CS1;2351
29;f;CS2;7959
29;f;CS3;18281
29;f;CS4;50113
29;f;CS5;91937
29;f;CS6;21032
29;f;CS7;127596
29;f;CS8;67183
2A;h;CS1;804
2A;h;CS2;4559
2A;h;CS3;3885
2A;h;CS4;7049
2A;h;CS5;6787
2A;h;CS6;12031
2A;h;CS7;16352
2A;h;CS8;7587
2A;f;CS1;208
2A;f;CS2;1859
2A;f;CS3;2847
2A;f;CS4;7749
2A;f;CS5;16890
2A;f;CS6;1557
2A;f;CS7;16918
2A;f;CS8;16244
2B;h;CS1;1303
2B;h;CS2;5400
2B;h;CS3;4236
2B;h;CS4;7466
2B;h;CS5;7974
2B;h;CS6;14166
2B;h;CS7;18592
2B;h;CS8;10516
2B;f;CS1;454
2B;f;CS2;2240
2B;f;CS3;3037
2B;f;CS4;7628
2B;f;CS5;17432
2B;f;CS6;1579
2B;f;CS7;19003
2B;f;CS8;21813
30;h;CS1;3882
30;h;CS2;18830
30;h;CS3;21650
30;h;CS4;36434
30;h;CS5;23268
30;h;CS6;59023
30;h;CS7;79718
30;h;CS8;36682
30;f;CS1;1462
30;f;CS2;7552
30;f;CS3;14140
30;f;CS4;40377
30;f;CS5;73473
30;f;CS6;11926
30;f;CS7;89738
30;f;CS8;70373
31;h;CS1;3486
31;h;CS2;25304
31;h;CS3;89507
31;h;CS4;81323
31;h;CS5;38981
31;h;CS6;85324
31;h;CS7;102904
31;h;CS8;73808
31;f;CS1;1286
31;f;CS2;9782
31;f;CS3;52439
31;f;CS4;92515
31;f;CS5;127657
31;f;CS6;17156
31;f;CS7;127182
31;f;CS8;109876
32;h;CS1;5000
32;h;CS2;5060
32;h;CS3;4853
32;h;CS4;8307
32;h;CS5;4433
32;h;CS6;15472
32;h;CS7;26323
32;h;CS8;7308
32;f;CS1;1830
32;f;CS2;2041
32;f;CS3;3330
32;f;CS4;10029
32;f;CS5;18899
32;f;CS6;4100
32;f;CS7;30445
32;f;CS8;12050
33;h;CS1;6409
33;h;CS2;32025
33;h;CS3;66033
33;h;CS4;83344
33;h;CS5;47086
33;h;CS6;119941
33;h;CS7;139325
33;h;CS8;77615
33;f;CS1;2823
33;f;CS2;12589
33;f;CS3;43487
33;f;CS4;94506
33;f;CS5;159489
33;f;CS6;28447
33;f;CS7;172642
33;f;CS8;123981
34;h;CS1;5238
34;h;CS2;26017
34;h;CS3;42295
34;h;CS4;54781
34;h;CS5;34510
34;h;CS6;75268
34;h;CS7;111806
34;h;CS8;65080
34;f;CS1;1823
34;f;CS2;10415
34;f;CS3;28913
34;f;CS4;64668
34;f;CS5;108946
34;f;CS6;12544
34;f;CS7;131503
34;f;CS8;107131
35;h;CS1;7173
35;h;CS2;17746
35;h;CS3;47265
35;h;CS4;56246
35;h;CS5;27148
35;h;CS6;90953
35;h;CS7;89173
35;h;CS8;52863
35;f;CS1;3563
35;f;CS2;7091
35;f;CS3;28234
35;f;CS4;62711
35;f;CS5;103273
35;f;CS6;23882
35;f;CS7;114354
35;f;CS8;72549
36;h;CS1;3165
36;h;CS2;4327
36;h;CS3;4772
36;h;CS4;9885
36;h;CS5;6645
36;h;CS6;23695
36;h;CS7;31247
36;h;CS8;8939
36;f;CS1;1076
36;f;CS2;2038
36;f;CS3;3018
36;f;CS4;10551
36;f;CS5;25292
36;f;CS6;5939
36;f;CS7;38972
36;f;CS8;13852
37;h;CS1;3366
37;h;CS2;10745
37;h;CS3;23376
37;h;CS4;33698
37;h;CS5;17176
37;h;CS6;52620
37;h;CS7;63600
37;h;CS8;28010
37;f;CS1;1007
37;f;CS2;4474
37;f;CS3;14633
37;f;CS4;38087
37;f;CS5;63295
37;f;CS6;12922
37;f;CS7;77205
37;f;CS8;45178
38;h;CS1;3651
38;h;CS2;25796
38;h;CS3;64860
38;h;CS4;72831
38;h;CS5;30961
38;h;CS6;105108
38;h;CS7;109855
38;h;CS8;61779
38;f;CS1;1190
38;f;CS2;9242
38;f;CS3;37991
38;f;CS4;78980
38;f;CS5;121484
38;f;CS6;26461
38;f;CS7;128571
38;f;CS8;97451
39;h;CS1;2260
39;h;CS2;5343
39;h;CS3;6851
39;h;CS4;13228
39;h;CS5;6111
39;h;CS6;29480
39;h;CS7;29932
39;h;CS8;10137
39;f;CS1;635
39;f;CS2;2006
39;f;CS3;4243
39;f;CS4;14067
39;f;CS5;26115
39;f;CS6;9347
39;f;CS7;35514
39;f;CS8;18529
40;h;CS1;3464
40;h;CS2;9387
40;h;CS3;9827
40;h;CS4;19524
40;h;CS5;11869
40;h;CS6;37304
40;h;CS7;48893
40;h;CS8;14952
40;f;CS1;1315
40;f;CS2;4249
40;f;CS3;6118
40;f;CS4;20352
40;f;CS5;43152
40;f;CS6;9507
40;f;CS7;55943
40;f;CS8;26513
41;h;CS1;2501
41;h;CS2;6488
41;h;CS3;9345
41;h;CS4;16452
41;h;CS5;8086
41;h;CS6;34282
41;h;CS7;41135
41;h;CS8;12809
41;f;CS1;661
41;f;CS2;2830
41;f;CS3;5700
41;f;CS4;16916
41;f;CS5;35310
41;f;CS6;9780
41;f;CS7;49872
41;f;CS8;20536
42;h;CS1;3917
42;h;CS2;15751
42;h;CS3;22018
42;h;CS4;37854
42;h;CS5;18864
42;h;CS6;74529
42;h;CS7;82454
42;h;CS8;35403
42;f;CS1;1307
42;f;CS2;6038
42;f;CS3;12995
42;f;CS4;41712
42;f;CS5;76364
42;f;CS6;18117
42;f;CS7;103823
42;f;CS8;60846
43;h;CS1;3690
43;h;CS2;5602
43;h;CS3;4881
43;h;CS4;10293
43;h;CS5;5518
43;h;CS6;23262
43;h;CS7;27531
43;h;CS8;8736
43;f;CS1;1334
43;f;CS2;2388
43;f;CS3;3137
43;f;CS4;11895
43;f;CS5;22845
43;f;CS6;5480
43;f;CS7;33448
43;f;CS8;14207
44;h;CS1;6000
44;h;CS2;22981
44;h;CS3;61472
44;h;CS4;78488
44;h;CS5;33270
44;h;CS6;115557
44;h;CS7;120921
44;h;CS8;61329
44;f;CS1;2285
44;f;CS2;9521
44;f;CS3;36341
44;f;CS4;85737
44;f;CS5;137309
44;f;CS6;26969
44;f;CS7;151707
44;f;CS8;94335
45;h;CS1;3112
45;h;CS2;10922
45;h;CS3;26458
45;h;CS4;38336
45;h;CS5;19674
45;h;CS6;62359
45;h;CS7;66722
45;h;CS8;29123
45;f;CS1;836
45;f;CS2;4221
45;f;CS3;16517
45;f;CS4;41051
45;f;CS5;66858
45;f;CS6;19184
45;f;CS7;80406
45;f;CS8;46240
46;h;CS1;2940
46;h;CS2;5169
46;h;CS3;4431
46;h;CS4;7723
46;h;CS5;4269
46;h;CS6;14050
46;h;CS7;25527
46;h;CS8;7201
46;f;CS1;1369
46;f;CS2;2162
46;f;CS3;3223
46;f;CS4;9009
46;f;CS5;17041
46;f;CS6;3669
46;f;CS7;29456
46;f;CS8;10880
47;h;CS1;4139
47;h;CS2;7789
47;h;CS3;7665
47;h;CS4;14657
47;h;CS5;8916
47;h;CS6;30960
47;h;CS7;43499
47;h;CS8;14025
47;f;CS1;1875
47;f;CS2;3361
47;f;CS3;5113
47;f;CS4;16408
47;f;CS5;34220
47;f;CS6;8390
47;f;CS7;51335
47;f;CS8;24021
48;h;CS1;2388
48;h;CS2;2047
48;h;CS3;1617
48;h;CS4;3523
48;h;CS5;2516
48;h;CS6;6314
48;h;CS7;9783
48;h;CS8;4073
48;f;CS1;913
48;f;CS2;798
48;f;CS3;1277
48;f;CS4;4380
48;f;CS5;7671
48;f;CS6;1011
48;f;CS7;11496
48;f;CS8;4859
49;h;CS1;7396
49;h;CS2;14434
49;h;CS3;26098
49;h;CS4;42464
49;h;CS5;19628
49;h;CS6;82448
49;h;CS7;77296
49;h;CS8;34665
49;f;CS1;2332
49;f;CS2;5362
49;f;CS3;15668
49;f;CS4;44543
49;f;CS5;82111
49;f;CS6;26097
49;f;CS7;98576
49;f;CS8;55167
50;h;CS1;6012
50;h;CS2;9567
50;h;CS3;11885
50;h;CS4;24349
50;h;CS5;12241
50;h;CS6;52811
50;h;CS7;61708
50;h;CS8;20627
50;f;CS1;2785
50;f;CS2;4729
50;f;CS3;7141
50;f;CS4;24285
50;f;CS5;52981
50;f;CS6;11748
50;f;CS7;76515
50;f;CS8;32368
51;h;CS1;6672
51;h;CS2;8891
51;h;CS3;19601
51;h;CS4;28750
51;h;CS5;18327
51;h;CS6;57927
51;h;CS7;52864
51;h;CS8;29034
51;f;CS1;3409
51;f;CS2;3846
51;f;CS3;12877
51;f;CS4;32240
51;f;CS5;60191
51;f;CS6;15226
51;f;CS7;65391
51;f;CS8;48556
52;h;CS1;2089
52;h;CS2;3057
52;h;CS3;3695
52;h;CS4;7809
52;h;CS5;5825
52;h;CS6;21574
52;h;CS7;22140
52;h;CS8;7275
52;f;CS1;589
52;f;CS2;1243
52;f;CS3;2521
52;f;CS4;8195
52;f;CS5;19439
52;f;CS6;5369
52;f;CS7;25833
52;f;CS8;14666
53;h;CS1;5280
53;h;CS2;5334
53;h;CS3;7610
53;h;CS4;14815
53;h;CS5;6833
53;h;CS6;34158
53;h;CS7;34403
53;h;CS8;11624
53;f;CS1;3001
53;f;CS2;2199
53;f;CS3;4702
53;f;CS4;15260
53;f;CS5;30774
53;f;CS6;10751
53;f;CS7;42612
53;f;CS8;16087
54;h;CS1;2185
54;h;CS2;11061
54;h;CS3;27951
54;h;CS4;41086
54;h;CS5;24581
54;h;CS6;69912
54;h;CS7;70017
54;h;CS8;43145
54;f;CS1;625
54;f;CS2;4215
54;f;CS3;17679
54;f;CS4;43878
54;f;CS5;80656
54;f;CS6;13774
54;f;CS7;82099
54;f;CS8;72838
55;h;CS1;2317
55;h;CS2;3015
55;h;CS3;4086
55;h;CS4;8532
55;h;CS5;7151
55;h;CS6;23073
55;h;CS7;21073
55;h;CS8;8551
55;f;CS1;712
55;f;CS2;1371
55;f;CS3;2611
55;f;CS4;9198
55;f;CS5;21005
55;f;CS6;4697
55;f;CS7;24541
55;f;CS8;16499
56;h;CS1;6421
56;h;CS2;15919
56;h;CS3;20825
56;h;CS4;36624
56;h;CS5;18920
56;h;CS6;69072
56;h;CS7;85346
56;h;CS8;32522
56;f;CS1;2499
56;f;CS2;7231
56;f;CS3;12566
56;f;CS4;37996
56;f;CS5;73901
56;f;CS6;19151
56;f;CS7;106781
56;f;CS8;51013
57;h;CS1;2304
57;h;CS2;15115
57;h;CS3;36028
57;h;CS4;59581
57;h;CS5;35930
57;h;CS6;112305
57;h;CS7;108103
57;h;CS8;50833
57;f;CS1;802
57;f;CS2;6362
57;f;CS3;19049
57;f;CS4;56462
57;f;CS5;117954
57;f;CS6;27659
57;f;CS7;102324
57;f;CS8;114154
58;h;CS1;2837
58;h;CS2;4247
58;h;CS3;4799
58;h;CS4;8830
58;h;CS5;5608
58;h;CS6;21029
58;h;CS7;30750
58;h;CS8;9939
58;f;CS1;753
58;f;CS2;1879
58;f;CS3;3024
58;f;CS4;10007
58;f;CS5;22437
58;f;CS6;4624
58;f;CS7;38273
58;f;CS8;16450
59;h;CS1;5524
59;h;CS2;34909
59;h;CS3;99783
59;h;CS4;134952
59;h;CS5;80217
59;h;CS6;255268
59;h;CS7;210252
59;h;CS8;156770
59;f;CS1;1956
59;f;CS2;14441
59;f;CS3;59818
59;f;CS4;147971
59;f;CS5;254864
59;f;CS6;55519
59;f;CS7;271050
59;f;CS8;276912
60;h;CS1;2620
60;h;CS2;13600
60;h;CS3;30797
60;h;CS4;48188
60;h;CS5;26844
60;h;CS6;82770
60;h;CS7;68445
60;h;CS8;38533
60;f;CS1;843
60;f;CS2;5098
60;f;CS3;17438
60;f;CS4;50381
60;f;CS5;85456
60;f;CS6;21155
60;f;CS7;81896
60;f;CS8;65897
61;h;CS1;3831
61;h;CS2;6013
61;h;CS3;6032
61;h;CS4;12022
61;h;CS5;6307
61;h;CS6;31568
61;h;CS7;36082
61;h;CS8;12545
61;f;CS1;1688
61;f;CS2;2722
61;f;CS3;3874
61;f;CS4;13346
61;f;CS5;29121
61;f;CS6;9312
61;f;CS7;45295
61;f;CS8;19428
62;h;CS1;5722
62;h;CS2;19520
62;h;CS3;35119
62;h;CS4;72311
62;h;CS5;45781
62;h;CS6;163850
62;h;CS7;134705
62;h;CS8;78510
62;f;CS1;1982
62;f;CS2;9976
62;f;CS3;18450
62;f;CS4;69721
62;f;CS5;153281
62;f;CS6;31136
62;f;CS7;166015
62;f;CS8;162686
63;h;CS1;4807
63;h;CS2;12648
63;h;CS3;24010
63;h;CS4;34503
63;h;CS5;18749
63;h;CS6;59011
63;h;CS7;68533
63;h;CS8;32741
63;f;CS1;2112
63;f;CS2;5460
63;f;CS3;16545
63;f;CS4;36534
63;f;CS5;67479
63;f;CS6;12581
63;f;CS7;84485
63;f;CS8;52401
64;h;CS1;6065
64;h;CS2;15391
64;h;CS3;23242
64;h;CS4;35502
64;h;CS5;19982
64;h;CS6;55350
64;h;CS7;75281
64;h;CS8;30061
64;f;CS1;2702
64;f;CS2;6659
64;f;CS3;14323
64;f;CS4;39530
64;f;CS5;69998
64;f;CS6;11257
64;f;CS7;94778
64;f;CS8;50071
65;h;CS1;2083
65;h;CS2;5474
65;h;CS3;5644
65;h;CS4;11124
65;h;CS5;8028
65;h;CS6;19099
65;h;CS7;29590
65;h;CS8;11125
65;f;CS1;773
65;f;CS2;2330
65;f;CS3;3798
65;f;CS4;12132
65;f;CS5;25814
65;f;CS6;3648
65;f;CS7;35788
65;f;CS8;17520
66;h;CS1;2360
66;h;CS2;11915
66;h;CS3;11292
66;h;CS4;20078
66;h;CS5;14214
66;h;CS6;34200
66;h;CS7;57760
66;h;CS8;23894
66;f;CS1;941
66;f;CS2;5180
66;f;CS3;7519
66;f;CS4;22730
66;f;CS5;46435
66;f;CS6;7217
66;f;CS7;68267
66;f;CS8;42166
67;h;CS1;2594
67;h;CS2;18614
67;h;CS3;51051
67;h;CS4;63355
67;h;CS5;31665
67;h;CS6;114189
67;h;CS7;98916
67;h;CS8;55961
67;f;CS1;987
67;f;CS2;7023
67;f;CS3;31084
67;f;CS4;70257
67;f;CS5;116560
67;f;CS6;32240
67;f;CS7;119119
67;f;CS8;91936
68;h;CS1;2332
68;h;CS2;12276
68;h;CS3;27442
68;h;CS4;43577
68;h;CS5;19304
68;h;CS6;87099
68;h;CS7;72213
68;h;CS8;33607
68;f;CS1;940
68;f;CS2;5050
68;f;CS3;14795
68;f;CS4;44316
68;f;CS5;82138
68;f;CS6;22163
68;f;CS7;84883
68;f;CS8;62360
69;h;CS1;4704
69;h;CS2;34840
69;h;CS3;104131
69;h;CS4;105332
69;h;CS5;52494
69;h;CS6;127657
69;h;CS7;143352
69;h;CS8;96973
69;f;CS1;1644
69;f;CS2;11550
69;f;CS3;68729
69;f;CS4;123228
69;f;CS5;172070
69;f;CS6;28910
69;f;CS7;181414
69;f;CS8;156605
70;h;CS1;2182
70;h;CS2;4722
70;h;CS3;5654
70;h;CS4;11282
70;h;CS5;5864
70;h;CS6;28760
70;h;CS7;27799
70;h;CS8;9132
70;f;CS1;544
70;f;CS2;1881
70;f;CS3;3447
70;f;CS4;12190
70;f;CS5;25336
70;f;CS6;7300
70;f;CS7;31141
70;f;CS8;18172
71;h;CS1;6420
71;h;CS2;11741
71;h;CS3;13995
71;h;CS4;26766
71;h;CS5;12554
71;h;CS6;59257
71;h;CS7;70003
71;h;CS8;21690
71;f;CS1;2086
71;f;CS2;4836
71;f;CS3;8295
71;f;CS4;28275
71;f;CS5;59510
71;f;CS6;14398
71;f;CS7;82472
71;f;CS8;40019
72;h;CS1;3935
72;h;CS2;8962
72;h;CS3;16774
72;h;CS4;29040
72;h;CS5;14759
72;h;CS6;60432
72;h;CS7;62388
72;h;CS8;24562
72;f;CS1;1736
72;f;CS2;4294
72;f;CS3;9745
72;f;CS4;29682
72;f;CS5;61360
72;f;CS6;17183
72;f;CS7;76635
72;f;CS8;36837
73;h;CS1;1696
73;h;CS2;11160
73;h;CS3;15399
73;h;CS4;26785
73;h;CS5;12854
73;h;CS6;38911
73;h;CS7;41435
73;h;CS8;17924
73;f;CS1;540
73;f;CS2;4488
73;f;CS3;9804
73;f;CS4;27155
73;f;CS5;46233
73;f;CS6;8268
73;f;CS7;49198
73;f;CS8;30904
74;h;CS1;2569
74;h;CS2;19361
74;h;CS3;34664
74;h;CS4;49065
74;h;CS5;24161
74;h;CS6;72379
74;h;CS7;61082
74;h;CS8;29522
74;f;CS1;877
74;f;CS2;7388
74;f;CS3;19998
74;f;CS4;53989
74;f;CS5;83135
74;f;CS6;18756
74;f;CS7;74388
74;f;CS8;50613
75;h;CS1;800
75;h;CS2;42696
75;h;CS3;287850
75;h;CS4;124574
75;h;CS5;86750
75;h;CS6;75950
75;h;CS7;142908
75;h;CS8;134135
75;f;CS1;386
75;f;CS2;19148
75;f;CS3;245911
75;f;CS4;165397
75;f;CS5;168068
75;f;CS6;21213
75;f;CS7;205854
75;f;CS8;205060
76;h;CS1;3956
76;h;CS2;18049
76;h;CS3;41558
76;h;CS4;69346
76;h;CS5;33607
76;h;CS6;129917
76;h;CS7;121737
76;h;CS8;64388
76;f;CS1;1584
76;f;CS2;8543
76;f;CS3;26303
76;f;CS4;72556
76;f;CS5;137771
76;f;CS6;27767
76;f;CS7;154373
76;f;CS8;108075
77;h;CS1;2212
77;h;CS2;23612
77;h;CS3;66172
77;h;CS4;90165
77;h;CS5;54611
77;h;CS6;110461
77;h;CS7;97009
77;h;CS8;63554
77;f;CS1;712
77;f;CS2;8669
77;f;CS3;39617
77;f;CS4;100118
77;f;CS5;154260
77;f;CS6;23776
77;f;CS7;115905
77;f;CS8;100197
78;h;CS1;991
78;h;CS2;22891
78;h;CS3;127237
78;h;CS4;86042
78;h;CS5;48347
78;h;CS6;77556
78;h;CS7;107617
78;h;CS8;68597
78;f;CS1;349
78;f;CS2;7729
78;f;CS3;77537
78;f;CS4;105703
78;f;CS5;129434
78;f;CS6;15447
78;f;CS7;129414
78;f;CS8;116299
79;h;CS1;5257
79;h;CS2;7063
79;h;CS3;10612
79;h;CS4;17534
79;h;CS5;9167
79;h;CS6;39714
79;h;CS7;45371
79;h;CS8;13172
79;f;CS1;1635
79;f;CS2;2870
79;f;CS3;7159
79;f;CS4;19959
79;f;CS5;39558
79;f;CS6;10522
79;f;CS7;52498
79;f;CS8;22226
80;h;CS1;3937
80;h;CS2;8016
80;h;CS3;16239
80;h;CS4;27340
80;h;CS5;17294
80;h;CS6;63346
80;h;CS7;56560
80;h;CS8;30796
80;f;CS1;1286
80;f;CS2;3587
80;f;CS3;10642
80;f;CS4;29917
80;f;CS5;58961
80;f;CS6;16337
80;f;CS7;69494
80;f;CS8;51801
81;h;CS1;3800
81;h;CS2;9292
81;h;CS3;10690
81;h;CS4;17992
81;h;CS5;11088
81;h;CS6;31972
81;h;CS7;48116
81;h;CS8;16594
81;f;CS1;1790
81;f;CS2;3488
81;f;CS3;6928
81;f;CS4;20934
81;f;CS5;38875
81;f;CS6;6643
81;f;CS7;56502
81;f;CS8;29500
82;h;CS1;3042
82;h;CS2;5990
82;h;CS3;6333
82;h;CS4;11579
82;h;CS5;7699
82;h;CS6;22559
82;h;CS7;28591
82;h;CS8;10222
82;f;CS1;1345
82;f;CS2;2335
82;f;CS3;3817
82;f;CS4;12491
82;f;CS5;25641
82;f;CS6;5655
82;f;CS7;33625
82;f;CS8;18141
83;h;CS1;2762
83;h;CS2;28449
83;h;CS3;32187
83;h;CS4;51366
83;h;CS5;40896
83;h;CS6;70779
83;h;CS7;128621
83;h;CS8;47194
83;f;CS1;1197
83;f;CS2;12505
83;f;CS3;19274
83;f;CS4;54965
83;f;CS5;107093
83;f;CS6;12704
83;f;CS7;143957
83;f;CS8;93938
84;h;CS1;3731
84;h;CS2;15080
84;h;CS3;16536
84;h;CS4;26683
84;h;CS5;16952
84;h;CS6;48854
84;h;CS7;57756
84;h;CS8;26402
84;f;CS1;1434
84;f;CS2;6173
84;f;CS3;10828
84;f;CS4;29529
84;f;CS5;56197
84;f;CS6;11742
84;f;CS7;68467
84;f;CS8;50924
85;h;CS1;7588
85;h;CS2;13846
85;h;CS3;15382
85;h;CS4;31273
85;h;CS5;13624
85;h;CS6;72087
85;h;CS7;79305
85;h;CS8;20742
85;f;CS1;2534
85;f;CS2;5908
85;f;CS3;8471
85;f;CS4;32112
85;f;CS5;68603
85;f;CS6;21519
85;f;CS7;93282
85;f;CS8;36792
86;h;CS1;3739
86;h;CS2;7316
86;h;CS3;14796
86;h;CS4;23365
86;h;CS5;13427
86;h;CS6;37627
86;h;CS7;47169
86;h;CS8;21535
86;f;CS1;1257
86;f;CS2;3189
86;f;CS3;9875
86;f;CS4;24722
86;f;CS5;47341
86;f;CS6;8953
86;f;CS7;56625
86;f;CS8;33473
87;h;CS1;3229
87;h;CS2;7103
87;h;CS3;11761
87;h;CS4;19095
87;h;CS5;10550
87;h;CS6;32806
87;h;CS7;45709
87;h;CS8;19010
87;f;CS1;1421
87;f;CS2;3017
87;f;CS3;8418
87;f;CS4;22725
87;f;CS5;38897
87;f;CS6;7631
87;f;CS7;56934
87;f;CS8;28157
88;h;CS1;2314
88;h;CS2;7243
88;h;CS3;9016
88;h;CS4;18331
88;h;CS5;10083
88;h;CS6;43279
88;h;CS7;43496
88;h;CS8;16120
88;f;CS1;770
88;f;CS2;3246
88;f;CS3;5495
88;f;CS4;18426
88;f;CS5;39720
88;f;CS6;11924
88;f;CS7;54202
88;f;CS8;27962
89;h;CS1;3445
89;h;CS2;6918
89;h;CS3;8421
89;h;CS4;15756
89;h;CS5;8953
89;h;CS6;35768
89;h;CS7;41093
89;h;CS8;14536
89;f;CS1;950
89;f;CS2;2709
89;f;CS3;5333
89;f;CS4;17550
89;f;CS5;36576
89;f;CS6;9211
89;f;CS7;48954
89;f;CS8;24173
90;h;CS1;221
90;h;CS2;1913
90;h;CS3;6637
90;h;CS4;8025
90;h;CS5;4494
90;h;CS6;14767
90;h;CS7;13897
90;h;CS8;7850
90;f;CS1;65
90;f;CS2;831
90;f;CS3;2940
90;f;CS4;8261
90;f;CS5;14302
90;f;CS6;4025
90;f;CS7;16095
90;f;CS8;12760
91;h;CS1;801
91;h;CS2;19222
91;h;CS3;79362
91;h;CS4;80184
91;h;CS5;46636
91;h;CS6;86629
91;h;CS7;92997
91;h;CS8;64595
91;f;CS1;258
91;f;CS2;6177
91;f;CS3;49188
91;f;CS4;94461
91;f;CS5;126459
91;f;CS6;17311
91;f;CS7;112575
91;f;CS8;93287
92;h;CS1;444
92;h;CS2;27755
92;h;CS3;169995
92;h;CS4;88376
92;h;CS5;58333
92;h;CS6;67203
92;h;CS7;103038
92;h;CS8;81740
92;f;CS1;206
92;f;CS2;9286
92;f;CS3;129120
92;f;CS4;119826
92;f;CS5;140564
92;f;CS6;13087
92;f;CS7;141245
92;f;CS8;122486
93;h;CS1;157
93;h;CS2;27262
93;h;CS3;55866
93;h;CS4;82189
93;h;CS5;76109
93;h;CS6;142291
93;h;CS7;93682
93;h;CS8;98489
93;f;CS1;50
93;f;CS2;7316
93;f;CS3;40711
93;f;CS4;90735
93;f;CS5;178480
93;f;CS6;30473
93;f;CS7;113708
93;f;CS8;151383
94;h;CS1;197
94;h;CS2;24403
94;h;CS3;89513
94;h;CS4;80537
94;h;CS5;59261
94;h;CS6;86088
94;h;CS7;91348
94;h;CS8;74933
94;f;CS1;95
94;f;CS2;7715
94;f;CS3;66914
94;f;CS4;100815
94;f;CS5;142086
94;f;CS6;16884
94;f;CS7;123412
94;f;CS8;107122
95;h;CS1;642
95;h;CS2;20384
95;h;CS3;61524
95;h;CS4;75994
95;h;CS5;49236
95;h;CS6;92348
95;h;CS7;79921
95;h;CS8;63971
95;f;CS1;192
95;f;CS2;6036
95;f;CS3;38866
95;f;CS4;87690
95;f;CS5;131810
95;f;CS6;17881
95;f;CS7;97945
95;f;CS8;101649
971;h;CS1;2661
971;h;CS2;11315
971;h;CS3;7529
971;h;CS4;14488
971;h;CS5;13618
971;h;CS6;29285
971;h;CS7;30163
971;h;CS8;34511
971;f;CS1;574
971;f;CS2;4478
971;f;CS3;6516
971;f;CS4;22436
971;f;CS5;46999
971;f;CS6;6334
971;f;CS7;38294
971;f;CS8;48373
972;h;CS1;2066
972;h;CS2;9452
972;h;CS3;7906
972;h;CS4;14122
972;h;CS5;13809
972;h;CS6;31634
972;h;CS7;32089
972;h;CS8;31120
972;f;CS1;361
972;f;CS2;3802
972;f;CS3;7494
972;f;CS4;23126
972;f;CS5;47961
972;f;CS6;7461
972;f;CS7;40916
972;f;CS8;43041
973;h;CS1;980
973;h;CS2;6557
973;h;CS3;4618
973;h;CS4;7525
973;h;CS5;7942
973;h;CS6;14834
973;h;CS7;5273
973;h;CS8;27213
973;f;CS1;501
973;f;CS2;2234
973;f;CS3;3054
973;f;CS4;9161
973;f;CS5;17525
973;f;CS6;2452
973;f;CS7;5752
973;f;CS8;38939
974;h;CS1;4941
974;h;CS2;15875
974;h;CS3;15889
974;h;CS4;31473
974;h;CS5;32640
974;h;CS6;81374
974;h;CS7;42205
974;h;CS8;71690
974;f;CS1;1255
974;f;CS2;5631
974;f;CS3;11131
974;f;CS4;36605
974;f;CS5;94565
974;f;CS6;10133
974;f;CS7;46957
974;f;CS8;120669
